<?xml version="1.0" encoding="UTF-8"?>
<!DOCTYPE hibernate-configuration PUBLIC "-//Hibernate/Hibernate Configuration DTD 3.0//EN" "http://hibernate.sourceforge.net/hibernate-configuration-3.0.dtd">
<hibernate-configuration>
  <session-factory>
    <property name="hibernate.connection.driver_class">com.mysql.jdbc.Driver</property>
    <property name="hibernate.connection.username">sithum</property>
    <property name="hibernate.connection.password">sithum</property>
    <property name="hibernate.connection.url">jdbc:mysql://localhost:3306/flog</property>
    <property name="hibernate.connection.pool_size">2</property>
    <property name="hibernate.current_session_context_class">thread</property>
    <property name="hibernate.show_sql">false</property>
    <mapping resource="hexflash/flog/models/Player.hbm.xml"/>
  </session-factory>
</hibernate-configuration>
