<?xml version="1.0"?>
<!DOCTYPE hibernate-mapping PUBLIC "-//Hibernate/Hibernate Mapping DTD 3.0//EN"
"http://www.hibernate.org/dtd/hibernate-mapping-3.0.dtd">
<!-- Generated Jun 26, 2016 6:33:42 AM by Hibernate Tools 4.3.1 -->
<hibernate-mapping>
    <class name="hexflash.flog.models.Player" table="player" catalog="flog" optimistic-lock="version">
        <id name="id" type="java.lang.Integer">
            <column name="id" />
            <generator class="identity" />
        </id>
        <property name="name" type="string">
            <column name="name" length="45" />
        </property>
        <property name="details" type="string">
            <column name="details" length="45" />
        </property>
    </class>
</hibernate-mapping>
